author_id,author_name,link_karma,comment_karma,acc_creation_date,is_gold,is_mod,is_employee
bbse2o7b,Alternative-Ad-7123,3382,2462,2021-05-23 09:01:09+08:00,False,False,False
bbse2o7b,Alternative-Ad-7123,3382,2462,2021-05-23 09:01:09+08:00,False,False,False
85agrvzv,fudgeapudge1,12,99,2020-10-14 11:54:55+08:00,False,False,False
6z4wpym0,MicrotechAnalysis,134422,13038,2020-06-19 18:58:24+08:00,False,False,False
4l1qqy8i,uncomfortablehistory,6277,4586,2019-09-14 12:17:11+08:00,False,False,False
f355hfl,Valkyre99,491,736,2017-12-09 00:25:50+08:00,False,True,False
2nzc38qy,passionbery,355,549,2018-11-26 01:21:31+08:00,False,False,False
d998c9ok,hydrangeapurple,9817,6443,2021-07-13 09:07:50+08:00,False,False,False
9h7o291,tnfybrhv,4225,7858,2017-08-05 21:50:17+08:00,False,False,False
b7bfqco1,red_flock,124,2641,2021-03-29 10:13:07+08:00,False,False,False
au1pv8l8,Thefunincaifun,25678,39655,2021-03-11 10:51:35+08:00,False,False,False
1eqdt8vc,lobangbecausenomoney,15093,22324,2018-05-21 00:31:08+08:00,False,False,False
6z4wpym0,MicrotechAnalysis,134422,13038,2020-06-19 18:58:24+08:00,False,False,False
5ogzd3m,TheHippoGuy69,1039,7901,2017-07-25 15:49:12+08:00,False,False,False
4hkwxlf2,hippopopo_,278,2758,2019-08-31 14:06:46+08:00,False,False,False
44yz7paj,lonewolfgambit,315,18522,2019-07-12 17:39:43+08:00,False,False,False
51r50ub5,yrt97,20148,7332,2019-11-19 13:20:51+08:00,False,False,False
94vqfu8p,Fine-Butterscotch193,100,556,2020-12-02 23:54:36+08:00,False,False,False
o97gxzo0,news_no_one_likes,185,194,2022-06-07 19:52:56+08:00,False,False,False
6z4wpym0,MicrotechAnalysis,134422,13038,2020-06-19 18:58:24+08:00,False,False,False
am0eouxu,Familiar-Mouse4490,19085,52020,2021-02-28 21:35:53+08:00,False,False,False
51r50ub5,yrt97,20148,7332,2019-11-19 13:20:51+08:00,False,False,False
8leubtvu,RightActuary8677,5239,1291,2020-10-23 21:22:15+08:00,False,False,False
1y6vqagg,jacksh3n,941,14874,2018-09-06 10:27:20+08:00,False,False,False
51r50ub5,yrt97,20148,7332,2019-11-19 13:20:51+08:00,False,False,False
6z4wpym0,MicrotechAnalysis,134422,13038,2020-06-19 18:58:24+08:00,False,False,False
8uzc3ol7,Visible-Permission59,2945,506,2020-11-12 23:31:02+08:00,False,False,False
bbse2o7b,Alternative-Ad-7123,3382,2462,2021-05-23 09:01:09+08:00,False,False,False
k0h39znt,Curious-Win3421,1,56,2022-02-24 12:06:45+08:00,False,False,False
6l4z3,AutoModerator,1000,1000,2012-01-05 13:24:28+08:00,True,True,False
vjhr0h9,worldcitizensg,15287,58775,2018-02-05 20:22:18+08:00,False,True,False
6z4wpym0,MicrotechAnalysis,134422,13038,2020-06-19 18:58:24+08:00,False,False,False
8gsramo9,brianleahy742,1,106,2020-10-14 05:03:58+08:00,False,False,False
5qtzxx9j,caughtinthesilence,217,1920,2020-02-22 00:10:16+08:00,False,False,False
d60wiy2,dwayne-TheStone,280,92,2017-09-09 02:01:20+08:00,False,False,False
3v137vxa,that_palestine_guy,985,130,2019-06-26 23:19:17+08:00,False,False,False
6z4wpym0,MicrotechAnalysis,134422,13038,2020-06-19 18:58:24+08:00,False,False,False
vjhr0h9,worldcitizensg,15287,58775,2018-02-05 20:22:18+08:00,False,True,False
cr1sh,TE-man,565,407,2013-08-14 11:18:57+08:00,False,False,False
8lvvfnix,SnooSketches4878,1423,3304,2020-10-24 22:34:41+08:00,False,False,False
ojuqd,Twrd4321,73672,101420,2015-07-05 22:11:54+08:00,False,True,False
3d6rv89u,Jammy_buttons2,68805,172264,2019-03-08 09:33:52+08:00,False,False,False
1sh4i8i,HighGeneral,57621,9795,2017-05-22 13:04:54+08:00,False,False,False
ohw9j,Bcpjw,146642,141526,2015-07-03 09:08:59+08:00,False,False,False
ujq9y,troublechromosome,4898,20098,2016-02-08 16:06:44+08:00,False,False,False
cpt8lfzq,RozyBarbie,2835,7225,2021-06-14 18:35:23+08:00,False,False,False
51r50ub5,yrt97,20148,7332,2019-11-19 13:20:51+08:00,False,False,False
6z4wpym0,MicrotechAnalysis,134422,13038,2020-06-19 18:58:24+08:00,False,False,False
zdn6i,risingsuncoc,41568,53353,2016-07-10 07:01:08+08:00,False,False,False
o97gxzo0,news_no_one_likes,185,194,2022-06-07 19:52:56+08:00,False,False,False
4coxyp6h,prawnpastechicken,158,367,2019-08-12 14:56:29+08:00,False,False,False
1ae8o0nv,Hazelnut526,1959,20149,2018-05-02 00:04:11+08:00,False,False,False
1eqdt8vc,lobangbecausenomoney,15093,22324,2018-05-21 00:31:08+08:00,False,False,False
4qyj99he,Capable_Bank4151,12454,8256,2020-11-24 18:48:39+08:00,False,False,False
vjhr0h9,worldcitizensg,15287,58775,2018-02-05 20:22:18+08:00,False,True,False
8moq4j5h,Dry-One-8462,245,117,2020-11-24 16:58:22+08:00,False,False,False
d998c9ok,hydrangeapurple,9817,6443,2021-07-13 09:07:50+08:00,False,False,False
mudpnp4,ukH5A,1870,623,2017-12-02 16:52:58+08:00,False,False,False
6z4wpym0,MicrotechAnalysis,134422,13038,2020-06-19 18:58:24+08:00,False,False,False
1eqdt8vc,lobangbecausenomoney,15093,22324,2018-05-21 00:31:08+08:00,False,False,False
3d6rv89u,Jammy_buttons2,68805,172264,2019-03-08 09:33:52+08:00,False,False,False
9giowhev,Starscreamprime21,4921,26207,2020-12-23 10:52:08+08:00,False,False,False
51r50ub5,yrt97,20148,7332,2019-11-19 13:20:51+08:00,False,False,False
3onsmzzo,thestudiomaster,13759,38297,2019-04-29 20:56:36+08:00,False,True,False
6z4wpym0,MicrotechAnalysis,134422,13038,2020-06-19 18:58:24+08:00,False,False,False
2zpkbkmi,somewhatsanguine,666,574,2019-01-14 10:59:13+08:00,False,False,False
oo46i,danlikedat,6801,382,2015-07-10 16:09:12+08:00,False,False,False
2n9hfb6v,porkeye,1684,6505,2018-11-22 14:21:43+08:00,False,False,False
bbse2o7b,Alternative-Ad-7123,3382,2462,2021-05-23 09:01:09+08:00,False,False,False
bbse2o7b,Alternative-Ad-7123,3382,2462,2021-05-23 09:01:09+08:00,False,False,False
6l4z3,AutoModerator,1000,1000,2012-01-05 13:24:28+08:00,True,True,False
eb9jk,swordmaster1,293,1399,2013-12-11 23:43:21+08:00,False,False,False
6z4wpym0,MicrotechAnalysis,134422,13038,2020-06-19 18:58:24+08:00,False,False,False
4evpcwwf,reddit_Bman,995,334,2020-07-19 13:39:19+08:00,False,False,False
4mvdnuxe,tobikofriedrice,269,361,2019-09-21 20:40:35+08:00,False,False,False
gh95w,FiveFifty_,737,2811,2014-05-08 18:46:18+08:00,False,False,False
8bovn372,peksync,627,2457,2020-10-03 08:56:33+08:00,False,False,False
51r50ub5,yrt97,20148,7332,2019-11-19 13:20:51+08:00,False,False,False
6z4wpym0,MicrotechAnalysis,134422,13038,2020-06-19 18:58:24+08:00,False,False,False
5peq6klc,Iridiumstuffs,112206,12607,2020-02-17 11:16:52+08:00,False,True,False
ohw9j,Bcpjw,146642,141526,2015-07-03 09:08:59+08:00,False,False,False
fgipg,astepbackward,1129,15050,2014-02-26 17:46:25+08:00,False,False,False
3odrq0ox,zetoro_,4315,6288,2019-04-28 13:22:14+08:00,False,False,False
g5e9szrt,thethinkingbrain,949,1470,2021-12-20 21:18:59+08:00,False,True,False
10g7te,memloh,1660,1542,2016-08-14 01:55:34+08:00,False,False,False
f1061,Phototos,2635,2422,2014-01-29 12:32:10+08:00,False,False,False
d998c9ok,hydrangeapurple,9817,6443,2021-07-13 09:07:50+08:00,False,False,False
51r50ub5,yrt97,20148,7332,2019-11-19 13:20:51+08:00,False,False,False
3nzxysel,yeangyc,20772,1949,2019-04-26 18:20:19+08:00,False,True,False
hnenpaga,alevel19magikarp,125,650,2022-01-10 09:54:36+08:00,False,False,False
6z4wpym0,MicrotechAnalysis,134422,13038,2020-06-19 18:58:24+08:00,False,False,False
2hm1qrxa,thiswasentfrommyipad,35688,1577,2018-10-27 21:31:32+08:00,False,True,False
2hm1qrxa,thiswasentfrommyipad,35688,1577,2018-10-27 21:31:32+08:00,False,True,False
ch7kj93u,Glittering_Hour7234,2528,309,2021-06-02 13:22:56+08:00,False,False,False
o97gxzo0,news_no_one_likes,185,195,2022-06-07 19:52:56+08:00,False,False,False
1wqpmqx3,mildly_enthused,949,532,2018-08-19 20:17:27+08:00,False,False,False
10vj06,shanmugong,1490,1798,2016-08-25 12:08:26+08:00,False,False,False
uazlr,justmewayne,29365,20039,2016-02-01 09:55:40+08:00,False,False,False
3onsmzzo,thestudiomaster,13759,38297,2019-04-29 20:56:36+08:00,False,True,False
op3fame,anyeongjjs,115,65,2017-12-20 11:26:26+08:00,False,False,False
8oqfmyft,Alko-K,2524,1578,2020-10-30 23:52:06+08:00,False,False,False
g3psubhu,Ok-Succotash-197,717,2067,2021-11-02 01:33:19+08:00,False,False,False
4l1qqy8i,uncomfortablehistory,6277,4586,2019-09-14 12:17:11+08:00,False,False,False
d998c9ok,hydrangeapurple,9817,6443,2021-07-13 09:07:50+08:00,False,False,False
51r50ub5,yrt97,20148,7332,2019-11-19 13:20:51+08:00,False,False,False
rfzya,GuivenancioYong,5698,5636,2015-10-25 14:38:09+08:00,False,False,False
14ebbq,mirrorpurple,152,833,2017-01-13 14:43:52+08:00,False,False,False
1slkqqae,jmzyn,4906,46120,2018-07-17 19:42:54+08:00,False,True,False
j12uvl8e,lurker875,913,8259,2022-01-26 12:01:01+08:00,False,False,False
bbse2o7b,Alternative-Ad-7123,3382,2462,2021-05-23 09:01:09+08:00,False,False,False
2ifoh1pa,NutmegOnEverything,220346,108457,2018-11-04 13:32:02+08:00,False,True,False
135fth,kingofimgur,6586,485,2016-11-28 22:26:52+08:00,False,False,False
s00pe,n00bball,3271,1472,2015-11-13 23:05:34+08:00,False,False,False
ojuqd,Twrd4321,73673,101420,2015-07-05 22:11:54+08:00,False,True,False
lvhxhhj5,LawlessWrong,922,85,2022-04-18 15:31:54+08:00,False,False,False
74f6pr76,GeneralKnoobie,158,118,2020-07-01 22:40:33+08:00,False,False,False
3xtbw5ut,CrystalVui,231,879,2019-06-14 01:15:50+08:00,False,False,False
bsjrhg38,The_Mysterious999,10428,9483,2021-04-27 19:01:43+08:00,False,True,False
67m06,btcprox,14063,11896,2011-11-09 19:15:31+08:00,False,False,False
6z4wpym0,MicrotechAnalysis,134422,13038,2020-06-19 18:58:24+08:00,False,False,False
6l4z3,AutoModerator,1000,1000,2012-01-05 13:24:28+08:00,True,True,False
163lwe,WhatIsAWutWut,607,668,2017-03-11 21:29:48+08:00,False,False,False
61d7o5yi,Tall-Ad-6502,303,1379,2021-08-22 20:40:59+08:00,False,False,False
9kmca,leo-g,34395,134177,2012-11-12 01:57:52+08:00,False,True,False
6z4wpym0,MicrotechAnalysis,134422,13038,2020-06-19 18:58:24+08:00,False,False,False
atjca4y,vanguardsheet,897,194,2017-08-17 17:17:33+08:00,False,False,False
3mqo5nge,cinnabunnyrolls,3542,8273,2019-04-29 08:04:03+08:00,False,False,False
64c1eppz,KillerPalkia,1577,269,2020-10-16 18:46:51+08:00,False,False,False
3tf0nm9m,GoldenMaus,5426,10607,2020-06-23 16:46:33+08:00,False,False,False
1rsbsncm,UberAviator,8174,545,2018-07-14 16:37:15+08:00,False,False,False
l9c4d6nw,merlion_sg,4178,373,2022-03-29 09:34:20+08:00,False,False,False
7m7rlnau,BabyDeenos,146,361,2021-01-03 10:47:29+08:00,False,False,False
7l4lj1po,SSWsg,15924,35436,2020-10-16 08:52:12+08:00,False,False,False
9f7a89eb,Saltyy_boiUwU,2890,203,2020-12-20 23:52:15+08:00,False,False,False
3chylo1l,xyzkitten,76,232,2019-04-30 10:21:32+08:00,False,False,False
ohw9j,Bcpjw,146642,141526,2015-07-03 09:08:59+08:00,False,False,False
litvih9,freakshow504,2259,17722,2017-11-20 15:16:30+08:00,False,False,False
5m8ji,hiturheartx,5916,26541,2011-08-05 00:18:13+08:00,False,False,False
1hzxjwo3,Gohbraztsovashka,2280,1850,2018-06-03 17:24:34+08:00,False,False,False
4ux05,liverman,24857,28901,2011-02-18 13:31:12+08:00,False,False,False
4du3w4ys,Detective-Raichu,3374,3505,2019-11-30 18:04:56+08:00,False,True,False
blchp06e,noriginally_unique,19969,820,2021-04-17 17:20:30+08:00,False,False,False
33snjug4,urcommunist,9510,19563,2019-01-29 11:26:35+08:00,False,True,False
6z4wpym0,MicrotechAnalysis,134422,13038,2020-06-19 18:58:24+08:00,False,False,False
7vry7irv,howtoeatsnakecomics,47924,663,2020-08-28 17:13:07+08:00,False,True,False
2ulykn7y,grillbz,378,5794,2019-01-05 09:58:40+08:00,False,False,False
fk3jf,ojjmyfriend,8741,14372,2014-03-05 09:01:30+08:00,False,True,False
9h6lnfhu,1n5ight,3620,871,2020-12-24 17:58:43+08:00,False,False,False
2ymhf3ew,loldumbfuck,4148,3428,2019-01-10 09:16:22+08:00,False,True,False
bbse2o7b,Alternative-Ad-7123,3383,2462,2021-05-23 09:01:09+08:00,False,False,False
am0eouxu,Familiar-Mouse4490,19085,52020,2021-02-28 21:35:53+08:00,False,False,False
7p9svu7h,Great-Obligation-599,35174,5931,2020-08-28 17:03:12+08:00,False,False,False
58as5dlr,memefor-life,3706,4008,2019-12-15 20:58:51+08:00,False,False,False
1ed93r63,mildfull,8019,25054,2018-05-19 10:31:47+08:00,False,True,False
6gduftwk,Zkang123,8176,74621,2020-05-12 18:47:38+08:00,False,True,False
1eqdt8vc,lobangbecausenomoney,15093,22325,2018-05-21 00:31:08+08:00,False,False,False
51r50ub5,yrt97,20148,7332,2019-11-19 13:20:51+08:00,False,False,False
acnm907c,_lexium,2790,349,2021-02-14 13:33:27+08:00,False,False,False
5xo4injs,kashbolik,358,644,2020-04-20 18:45:01+08:00,False,False,False
bbse2o7b,Alternative-Ad-7123,3383,2462,2021-05-23 09:01:09+08:00,False,False,False
bbse2o7b,Alternative-Ad-7123,3383,2462,2021-05-23 09:01:09+08:00,False,False,False
5kb8k,Xanthon,84061,177563,2011-07-25 17:11:17+08:00,False,True,False
6z4wpym0,MicrotechAnalysis,134422,13038,2020-06-19 18:58:24+08:00,False,False,False
51r50ub5,yrt97,20148,7332,2019-11-19 13:20:51+08:00,False,False,False
9r9zhcq,MichaelXJames,6426,1573,2017-08-08 11:46:59+08:00,False,False,False
2j408pkr,LoneWolfInCyberia,25158,6414,2018-11-03 13:38:44+08:00,False,True,False
2unuq87x,rezblack,621,73,2018-12-25 03:48:17+08:00,False,False,False
rvmpy,itzuitzu,1365,1246,2015-11-09 23:59:33+08:00,False,False,False
51p5c0p1,isaactanbr,150,270,2019-11-19 08:21:32+08:00,False,False,False
oq4ii0y0,KopiOPingSiewDai,1303,6385,2022-06-16 23:35:10+08:00,True,False,False
13l351,luneth22,54419,6134,2016-12-15 15:12:54+08:00,False,False,False
566u0,catchrag99,1510,1870,2011-05-01 04:14:34+08:00,False,False,False
liytxwj0,Mindless-Sherbert-18,103,9037,2022-04-09 22:48:06+08:00,False,False,False
1u1kjj7f,arissaxli,242,362,2018-08-05 22:13:56+08:00,False,True,False
6z4wpym0,MicrotechAnalysis,134422,13038,2020-06-19 18:58:24+08:00,False,False,False
d998c9ok,hydrangeapurple,9817,6443,2021-07-13 09:07:50+08:00,False,False,False
o8vn6lup,the-puzzle-duketh,354,54,2022-06-07 15:49:22+08:00,False,False,False
6l4z3,AutoModerator,1000,1000,2012-01-05 13:24:28+08:00,True,True,False
vjhr0h9,worldcitizensg,15287,58775,2018-02-05 20:22:18+08:00,False,True,False
kwwi75jb,Yalelawsimp,1186,473,2022-03-22 20:01:13+08:00,False,False,False
6z4wpym0,MicrotechAnalysis,134422,13038,2020-06-19 18:58:24+08:00,False,False,False
1eqdt8vc,lobangbecausenomoney,15093,22325,2018-05-21 00:31:08+08:00,False,False,False
4lt4ld2f,shingojira53,19355,1232,2020-02-16 19:22:00+08:00,False,False,False
7c0mu1hp,runway27L,8,482,2021-05-10 16:09:04+08:00,False,False,False
5drps2e1,patricklhe,10681,14079,2020-01-06 16:40:58+08:00,False,False,False
36ij14l4,rockpapernuke,11085,7473,2019-02-08 21:24:08+08:00,False,False,False
6z4wpym0,MicrotechAnalysis,134422,13038,2020-06-19 18:58:24+08:00,False,False,False
nlgc0,yoitsme666,15048,15987,2015-05-21 11:23:18+08:00,False,True,False
51r50ub5,yrt97,20148,7332,2019-11-19 13:20:51+08:00,False,False,False
e00e6,skisagooner,11092,15856,2013-11-21 00:10:24+08:00,False,False,False
o97gxzo0,news_no_one_likes,186,195,2022-06-07 19:52:56+08:00,False,False,False
am0eouxu,Familiar-Mouse4490,19085,52020,2021-02-28 21:35:53+08:00,False,False,False
ohw9j,Bcpjw,146642,141526,2015-07-03 09:08:59+08:00,False,False,False
5peq6klc,Iridiumstuffs,112206,12607,2020-02-17 11:16:52+08:00,False,True,False
6os9gcsd,Hungry-Measurement20,887,7007,2021-01-28 16:04:25+08:00,False,False,False
q2ezv,Sy0n,110,312,2015-09-02 20:52:01+08:00,False,False,False
6z4wpym0,MicrotechAnalysis,134422,13038,2020-06-19 18:58:24+08:00,False,False,False
1eqdt8vc,lobangbecausenomoney,15093,22325,2018-05-21 00:31:08+08:00,False,False,False
2stf,cheeaun,1292,436,2006-03-07 12:10:25+08:00,False,False,False
7taw3,elephantiness,1356,771,2012-05-26 12:50:12+08:00,False,False,False
